الرقم المتسلسل,رقم التصنيف المكتبي,اسم الكتاب,الجزء,المؤلف,رقم صفحة السجل,الحالة,المستعير,تاريخ الإعارة,ملاحظات
1,,بنك المعلومات,1,محمد برهوم,1,متوفر,,,
2,,بنك المعلومات,2,محمد برهوم,1,متوفر,,,
3,,بنك المعلومات,3,محمد برهوم,1,متوفر,,,
4,,بنك المعلومات,4,محمد برهوم,1,متوفر,,,
5,,بنك المعلومات,5,محمد برهوم,1,متوفر,,,
6,,بنك المعلومات,6,محمد برهوم,1,متوفر,,,
7,,خطوة خطوة excel,,كورتس,1,متوفر,,,
8,,خطوة خطوة word,,جوليس كوكس,1,متوفر,,,
9,,خطوة خطوة Access,,ستيف لابرت,1,متوفر,,,
10,,الموسوعة الفلسطينية,القسم الثاني,انيس صانع,1,متوفر,,,
11,,الموسوعة الفلسطينية (جغرافيا),المجلد الاول,انيس صانع,1,متوفر,,,
12,,الموسوعة الفلسطينية(تاريخية),المجلد االثاني,انيس صانع,1,متوفر,,,
13,,الموسوعة الفلسطينية(حضارة),المجلد الثالث,انيس صانع,1,متوفر,,,
14,,الموسوعة الفلسطينية(حضارة),المجلد الرابع,انيس صانع,1,متوفر,,,
15,,الموسوعة الفلسطينية(القضية),المجلد الخامس,انيس صانع,1,متوفر,,,
16,,الموسوعة الفلسطينية(القضية),المجلد السادس,انيس صانع,1,متوفر,,,
17,,موسوعة تجارب الاسرى الفلسطيني والعرب,1,فهد ابو الحاج,1,متوفر,,,
18,,موسوعة تجارب الاسرى الفلسطيني والعرب,2,فهد ابو الحاج,1,متوفر,,,
19,,موسوعة الاسعافات الاولية,,صبحي عمران شلش,2,متوفر,,,
20,,الموسوعة العلمية المعاصرة,,احمد شفيق الخطيب,2,متوفر,,,
21,,الموسوعة العلمية المعاصرة,,احمد شفيق الخطيب,2,متوفر,,,
22,,الموسوعة العلمية المعاصرة,,احمد شفيق الخطيب,2,متوفر,,,
23,,تجميل البشرة,,ناهد الحسن,2,متوفر,,,
24,,مشكلات الاطفال اليومية,,دجلاس توم,2,متوفر,,,
25,,العلاج الطبيعي والمساج,,محمود بديع,2,متوفر,,,
26,,الامراض الجلدية,,سمير,2,متوفر,,,
27,,اساسيات تمريض صحة المجتمع,,محمود الطراونة,2,متوفر,,,
28,,موسوعة الصحة والجمال,,ضرغام صالح,2,متوفر,,,
29,,موسوعة في مطبخنا طبيبة,,محمد عبده مغاوري.,2,متوفر,,,
30,,ما هي الثلاسيميا,,رينو فولو,2,متوفر,,,
31,,اطفالنا امراضهم وعلاجهم,,علي الحسن,2,متوفر,,,
32,,لماذا يرن الهاتف,,ريشارد ميد,2,متوفر,,,
33,,موسوعة الاسعافات الاولية,,احمد حجازي,2,متوفر,,,
34,,الموسوعة العلمية,,احمد محمود القاسم,2,متوفر,,,
35,,موسوعة الفلك,,خزعل الماجدي,2,متوفر,,,
36,,موسوعة علماء العرب,,عبد السلام السيد,2,متوفر,,,
37,,موسوعة الكيمياء الشاملة,,حسام خليل,3,متوفر,,,
38,,موسوعة الارقام العددية,,مصطفى فتحي,3,متوفر,,,
39,,موسوعة الكيمياء الشاملة,,حسام خليل,3,متوفر,,,
40,,موسوعة عالمنا,,البير مطلق,3,متوفر,,,
41,,موسوعة عالمنا,,البير مطلق,3,متوفر,,,
42,,موسوعة المعارف العامة,,البير مطلق,3,متوفر,,,
43,,موسوعة جسم الانسان,,احمد الخطيب,3,متوفر,,,
44,,موسوعة جسم الانسان,,البير مطلق,3,متوفر,,,
45,,موسوعة العلوم,,البير مطلق,3,متوفر,,,
46,,موسوعة الحيوانات,,البير مطلق,3,متوفر,,,
47,,موسوعة الحيوانات,,البير مطلق,3,متوفر,,,
48,,موسوعة جسم الانسان,,احمد الخطيب,3,متوفر,,,
49,,الموسوعة العلمية الميسرة,,نقولا شاهين,3,متوفر,,,
50,,العلوم الطبيعية,,عبد الله خطايبة,3,متوفر,,,
51,,اساسيات الجيولوجيا,,ميشيل  كامل,3,متوفر,,,
52,,عالم الكون والفضاء,,اشرف ابو سنينة,3,متوفر,,,
53,,علم الاحياء للهواة,,خير شاهين,3,متوفر,,,
54,,اساسيات الفيزياء,,شاهر ربحي عليان,3,متوفر,,,
55,,الفهرسة المتقدمة والمحوسبة,,ربحي عليان,4,متوفر,,,
56,,الجبر الخطي,,علي التميمي,4,متوفر,,,
57,,موسوعة ينابيع المعرفة,,قاسم الاسدي,4,متوفر,,,
58,,عالم الكيمياء للهواة,,خير شاهين,4,متوفر,,,
59,,التعلم ذلك الكنز المكنون,,جالك ديلور,4,متوفر,,,
60,,علم الطفيليات,,اسماعيل ابو عساف,4,متوفر,,,
61,,علم العشرات,,جاسم الحلو,4,متوفر,,,
62,,اسماك الزينة,,هبة عبيد,4,متوفر,,,
63,,الطيور,,جمانة محمد,4,متوفر,,,
64,,الخيول العربية والعالمية,,محمد سلطان,4,متوفر,,,
65,,موسوعة الابل,,منير عبد الرحيم,4,متوفر,,,
66,,رؤى وآفاق,,افنان دروزة,4,متوفر,,,
67,,رؤى وآفاق,,افنان دروزة,4,متوفر,,,
68,,رؤى وآفاق,,افنان دروزة,4,متوفر,,,
69,,عصارة الافكار في تربية الصغار,,محمود المناصرة,4,متوفر,,,
70,,ابداع,,سوزان باتكروفت,4,متوفر,,,
71,,مدى التلاؤم من خريجي التعليم العالي,,محمود الجعفري,4,متوفر,,,
72,,مدى التلاؤم من خريجي التعليم العالي,,محمود الجعفري,4,متوفر,,,
73,,المنهاج الفلسطيني,,عبد الرحيم الشيخ,5,متوفر,,,
74,,المنهاج الفلسطيني,,عبد الرحيم الشيخ,5,متوفر,,,
75,,الالعاب الحركية والعقلية,,ياسر سلامة,5,متوفر,,,
76,,توظيف الفكير في العملية التعليمية,,عبد الله سلامة,5,متوفر,,,
77,,علم طفلك كيف يفكر,,طارق عامر,5,متوفر,,,
78,,التعليم المبرمج,,ولبر شرم,5,متوفر,,,
79,,التعليم المصغر,,دوايت الن,5,متوفر,,,
80,,مسرحيات مدرسية,,حامد احمد,5,متوفر,,,
81,,التربية السكانية,,عزيز الدويك,5,متوفر,,,
82,,الادغال,,ارمستر سيبري,5,متوفر,,,
83,,السباكة واللحام,,محمود ابو نعيم,5,متوفر,,,
84,,صناعة الورق والطباعة,,هبة عبيد,5,متوفر,,,
85,,لماذا تخلع الثعابين جلدها,,بربارة تايلور,5,متوفر,,,
86,,لماذا تصدر المعدة اصواتاً,,بربارة تايلور,5,متوفر,,,
87,,الرياضيات,,شارلز سولومون,5,متوفر,,,
88,,امسيات علمية,,عفيف دمشقية,5,متوفر,,,
89,,المؤتمر الفلسطيني لتعليم الفيزياء,,وحيد جبران,5,متوفر,,,
90,,رواد الرياضيات,,الفريد هوبر,5,متوفر,,,
91,,علم الفيزياء للهواة,,منير شواهين,6,متوفر,,,
92,,تنمية المهارات الاجتماعية,,ناجي السعايدة,6,متوفر,,,
93,,الصحافة والنشاطات المدرسية,,ياسر سلامة,6,متوفر,,,
94,,اسس التربية,,عزت جرادات,6,متوفر,,,
95,,التدريس الفعال,,عفت الطنطاوي,6,متوفر,,,
96,,التدريس الصفي بالذكاءات,,عزو عفانة,6,متوفر,,,
97,,الموجه الفني لمدرسي اللغة العربية,,عبد العليم ابراهيم,6,متوفر,,,
98,,المفاهيم الرياضية ومهاراتها,,زينات دعنا,6,متوفر,,,
99,,دراسات في تعليم الكبار,,عدنان ابو عمشة,6,متوفر,,,
100,,الحوسبة التعليمية,,منى مطر,6,متوفر,,,
101,,التربية والفن,,ادوين زيجنيلد,6,متوفر,,,
102,,تبسيط الوسائل التعليمية,,ميمي بلعاوي,6,متوفر,,,
103,,التربية والصالح العام,,فيليب فينكس,6,متوفر,,,
104,,الوسائل التعليمية,,بشير الكلوب,6,متوفر,,,
105,,تاريخ التربية,,غنطوس جريس,6,متوفر,,,
106,,التعليم النشط,,مجدي زامل,6,متوفر,,,
107,,التعليم النشط,,مجدي زامل,6,متوفر,,,
108,,التعليم النشط,,مجدي زامل,6,متوفر,,,
109,,التعليم النشط,,مجدي زامل,7,متوفر,,,
110,,توظيف الفكير في العملية التعليمية,,عبد الله سلامة,7,متوفر,,,
111,,النكبة,1,عارف العارف,7,متوفر,,,
112,,النكبة,2,عارف العارف,7,متوفر,,,
113,,النكبة,3,عارف العارف,7,متوفر,,,
114,,الرواد المقدسيون,1,جهاد صالح,7,متوفر,,,
115,,الرواد المقدسيون,2,جهاد صالح,7,متوفر,,,
116,,الرواد المقدسيون,1,جهاد صالح,7,متوفر,,,
117,,الرواد المقدسيون,2,جهاد صالح,7,متوفر,,,
118,,رمال في العيون,,سعد مضية,7,متوفر,,,
119,,حقوق الانسان,,معتصم مشعشع,7,متوفر,,,
120,,الديمقراطية الفلسطينية,,موسى البديري,7,متوفر,,,
121,,دراسات اعلامية,,سميح شبيب,7,متوفر,,,
122,,انتفاضة الاقصى,,احمد القاسم,7,متوفر,,,
123,,فلسطين والاعتداءات الاسرائيلية,,يوسف الحسيني,7,متوفر,,,
124,,دراسات في التراث والهوية,,شريف كناعنة,7,متوفر,,,
125,,الديمقراطية والانتخابات,,وليم نصار,7,متوفر,,,
126,,قف تفكر واعتبر,,عبد الله سلامة,7,متوفر,,,
127,,مدخل في تاريخ الديمقراطية في اوروبا,,عبد الرحمن عبد الغني,8,متوفر,,,
128,,نحو قانون اجتماعي لفلسطين,,بلال البرغوثي,8,متوفر,,,
129,,نحو قانون اجتماعي لفلسطين,,بلال البرغوثي,8,متوفر,,,
130,,كناشة معلم,,محمود العابدي,8,متوفر,,,
131,,دراسات في الديمقراطية ووسائط الاعلام,,لينا الجيوسي,8,متوفر,,,
132,,دراسات في الديمقراطية ووسائط الاعلام,,لينا الجيوسي,8,متوفر,,,
133,,الخطاب النسوي الليبرالي,,اشجان عجور,8,متوفر,,,
134,,حقول الموت,,محمد دراغمة,8,متوفر,,,
135,,قبل وبعد عرفات,,جورج جقمان,8,متوفر,,,
136,,الفلسطينيون على جانب الخط الاحضر,,حسن خضر,8,متوفر,,,
137,,الفلسطينيون على جانب الخط الاحضر,,حسن خضر,8,متوفر,,,
138,,المجتمع المدني,,ناديا ابو زاهر,8,متوفر,,,
139,,الانتخابات والمعارضة في الغرب,,نشأت عبد الفتاح,8,متوفر,,,
140,,الانتخابات والمعارضة في الغرب,,نشأت عبد الفتاح,8,متوفر,,,
141,,الدبلوماسية العامة الفلسطينية,,دلال باجس,8,متوفر,,,
142,,الدبلوماسية العامة الفلسطينية,,دلال باجس,8,متوفر,,,
143,,عن النساء والمقاومة الرواية الاستعمارية,,لاميرة سلمي,8,متوفر,,,
144,,القضية الفلسطينية بين الانقسام والمصالحة,,ظافر الريماوي,8,متوفر,,,
145,,الواقع التنظيمي للحركة الفلسطينية الاسيرة,,اياد الرياحي,9,متوفر,,,
146,,المقاومة الشعبية في فلسطين,,مازن قمحية,9,متوفر,,,
147,,المقاومة الشعبية في فلسطين,,مازن قمحية,9,متوفر,,,
148,,انيس صايغ والمؤسسة الفلسطينية,,سميح شبيب,9,متوفر,,,
149,,شفيق الحوت,,سميح شبيب,9,متوفر,,,
150,,النقد والثورة,,خالد عودة الله,9,متوفر,,,
151,,حركة معلمي المدارس الحكومية,,عمر عساف,9,متوفر,,,
152,,الاسلاميون والديمقراطية,,رجا بهلول,9,متوفر,,,
153,,التربية الديمقراطية,,ماهر الحشوة,9,متوفر,,,
154,,نظريات الانتقال الى الديمقراطية,,جوني عاصي,9,متوفر,,,
155,,تنمية العلاقات الانسانية الديمقراطية,,ابراهيم حافظ,9,متوفر,,,
156,,واقع التميز,,صالح الكفري,9,متوفر,,,
157,,موسوعة المصطلحات والمفاهيم الفلسطينية,,محمد اشتية,9,متوفر,,,
158,,بلدانية فلسطين العربية,,مرمرجي الدوسكي,9,متوفر,,,
159,,بلدانية فلسطين العربية,,مرمرجي الدوسكي,9,متوفر,,,
160,,عام الجراد,,سليم تماري,9,متوفر,,,
161,,مذبحة الخليل,,رحاب العيساوي,9,متوفر,,,
162,,مذبحة الخليل,,رحاب العيساوي,9,متوفر,,,
163,,عكا وقراها,,ناجي مخول,10,متوفر,,,
164,,يافا,,حسن ابراهيم,10,متوفر,,,
165,,ما بعد الازمة,,جورج جقمان,10,متوفر,,,
166,,المدينة على مر العصور,,لويس ممفورد,10,متوفر,,,
167,,قلب الحمار,,عبد الرحيم الشيخ,10,متوفر,,,
168,,موقع حركات الاسلام السياسي,,منذر مشافي,10,متوفر,,,
169,,صورة الذات وصورة الاخر,,زكي العيلة,10,متوفر,,,
170,,التطهير العرقي في فلسطين,,جون بلفر,10,متوفر,,,
171,,انطونيو روبي,,مجير الاحمد,10,متوفر,,,
172,,السياسة النقدية في ظل غياب عملة وطنية,,اسامة حامد,10,متوفر,,,
173,,صناعة البرمجيات,,باسم مكحول,10,متوفر,,,
174,,مشاريع القطاع غير منظم,,مجدي المالكي,10,متوفر,,,
175,,التحول المدني وبذور الانتماء للدولة,,خليل عثامنة,10,متوفر,,,
176,,الاساطير المؤسسة للسياسة الاسرائيلية,,رجاء جارودي,10,متوفر,,,
177,,يوميات الاجتياح والصمود,,يحي يخلف,10,متوفر,,,
178,,مقاومة الاعتقال,,مروان البرغوثي,10,متوفر,,,
179,,الانتفاضة,,اريية شاليف,10,متوفر,,,
180,,الحديقة المرعبة,,تييري ميسان,10,متوفر,,,
181,,موقع حركات الاسلام السياسي,,منذر مشافي,11,متوفر,,,
182,,المسيرة,,اوري سبير,11,متوفر,,,
183,,لواء القدس في اواسط العصر العثماني,,عادل صناع,11,متوفر,,,
184,,السامريون,,اياد الصاحب,11,متوفر,,,
185,,المسجد الاقصى والصخرة المشرفة,,ابراهيم الغني,11,متوفر,,,
186,,تاريخ العرب,,عيسى الحسن,11,متوفر,,,
187,,موسوعة المدن العربية,,امنة ابو حجر,11,متوفر,,,
188,,فلسطين التاريخ المصور,,طارق السويدان,11,متوفر,,,
189,,حدود المكان ووجود الانسان,,اسامة حلبي,11,متوفر,,,
190,,اللد والرملة,,محمد شراب,11,متوفر,,,
191,,القدس,,محمد شراب,11,متوفر,,,
192,,الصمود الدامي,,موفق ياسين,11,متوفر,,,
193,,اضواء على المشهد الثقافي في اسرائيل,,محمد ابو زيد,11,متوفر,,,
194,,تعاليم رجال الاعمال,,لميس البجي,11,متوفر,,,
195,,رمال في العيون,,سعد مضية,11,متوفر,,,
196,,بلعين في المقاومة الشعبية,,ابو علاء منصور,11,متوفر,,,
197,,مراجعة نقدية لمشروع قانون المنافسة الفلسطيني,,باسم مكحول,11,متوفر,,,
198,,عشرة ايام هزت العالم,,بسام ابو شريف,11,متوفر,,,
199,,فلسطين سلام لا تفرقه عنصرية,,جيمي كارتر,12,متوفر,,,
200,,تاريخ القدس القديم,,خزعل الماجدي,12,متوفر,,,
201,,هنا وهناك,,ساري حنفي,12,متوفر,,,
202,,الطائفة السامرية في نابلس,,عدنان عياش,12,متوفر,,,
203,,تاريخ الحروب الصليبية,,محمد مؤنس,12,متوفر,,,
204,,تاريخ الحركة الوطنية الفلسطينية,,هلفي باومنرتن,12,متوفر,,,
205,,مغدوشة,,ممدوح نوفل,12,متوفر,,,
206,,المجتمع الفلسطيني في مواجهة الاحتلال,,مجدي المالكي,12,متوفر,,,
207,,القدس مدينة الله,,يونس مرشد,12,متوفر,,,
208,,تغريبة بني هلال,,عمر ابو النصر,12,متوفر,,,
209,,المؤرخون الفلسطينيون,,صلاح العاوور,12,متوفر,,,
210,,قصة العرب قبل الاسلام,,عمر ابو النصر,12,متوفر,,,
211,,الحياة الاجتماعية في القدس,,صبحي غوشة,12,متوفر,,,
212,,صناعة القرار للقادة,,توماس ساعاتي,12,متوفر,,,
213,,النساء والقضاة والقانون,,نهضة شحادة,12,متوفر,,,
214,,النساء والقضاة والقانون,,نهضة شحادة,12,متوفر,,,
215,,تجارة الممنوعات,,احمد محمد,12,متوفر,,,
216,,القطاع الاقتصادي غير المنظم,,مجدي المالكي,12,متوفر,,,
217,,اصول المحاسبة,,خليل الرفاعي,13,متوفر,,,
218,,القضاء العشائري,,محمد الاعرج,13,متوفر,,,
219,,حقوق الانسان,,محمد علوان,13,متوفر,,,
220,,التحولات الديمقراطية في الاردن,,طالب عوض,13,متوفر,,,
221,,المسألة الوطنية الديمقراطية في فلسطين,,وليد سليم,13,متوفر,,,
222,,العطب والدلالة,,محمد يعقوب,13,متوفر,,,
223,,العطب والدلالة,,محمد يعقوب,13,متوفر,,,
224,,السياسات التجارية الفلسطينية,,محمود الجعفري,13,متوفر,,,
225,,التجارة الخارجية الفلسطينية,,محمود الجعفري,13,متوفر,,,
226,,تقييم الاتفاقات الاقتصادية والتجارية,,عمر عبد الرزاق,13,متوفر,,,
227,,نهضة الفكر في الغرب,,وهدان عويس,13,متوفر,,,
228,,المراقب الاجتماعي,,مجدي المالكي,13,متوفر,,,
229,,المراقب الاجتماعي,,مجدي المالكي,13,متوفر,,,
230,,المراقب الاقتصادي,,عمر عبد الرزاق,13,متوفر,,,
231,,المراقب الاقتصادي,,عمر عبد الرزاق,13,متوفر,,,
232,,الاسواق المالية والدولية,,انس البكري,13,متوفر,,,
233,,عالم الدولار,,جنفر ستاين,13,متوفر,,,
234,,التحرر,,مي الجيوسي,13,متوفر,,,
235,,واقع ومستقبل العلاقات الاقتصادية,,فضل النقيب,14,متوفر,,,
236,,الديمقراطية وحقوق المرأة,,منار الشوربجي,14,متوفر,,,
237,,الديمقراطية وحقوق المرأة,,منار الشوربجي,14,متوفر,,,
238,,حالات الطوارئ,,رزق شقير,14,متوفر,,,
239,,التربية والديمقراطية,,رجا بهلول,14,متوفر,,,
240,,التربية والديمقراطية,,رجا بهلول,14,متوفر,,,
241,,الدولة والديمقراطية,,جميل هلال,14,متوفر,,,
242,,الدولة والديمقراطية,,جميل هلال,14,متوفر,,,
243,,حقوق الانسان السياسية,,فاتح عزام,14,متوفر,,,
244,,حقوق الانسان السياسية,,فاتح عزام,14,متوفر,,,
245,,سيادة القانون,,اسامة حلبي,14,متوفر,,,
246,,سيادة القانون,,اسامة حلبي,14,متوفر,,,
247,,حالات الطوارئ,,رزق شقير,14,متوفر,,,
248,,التنظيمات والاحزاب السياسة,,جميل هلال,14,متوفر,,,
249,,جنرالات الصبر,,وهيب قلايلة,14,متوفر,,,
250,,اطلس تاريخ العالم القديم والمعاصر,,هاني ابو غضيب,14,متوفر,,,
251,,اطلس العالم,,هاني ابو غضيب,14,متوفر,,,
252,,الاطلس التاريخي,,عرفات العمد,14,متوفر,,,
253,,الوسائل في عملية التعلم والتعليم,,قسطندي نقولا,15,متوفر,,,
254,,الابعاد التربوية للصراع العربي الاسرائيلي,,ياسر عبد ربه,15,متوفر,,,
255,,تطوير قواعد عمل المجلس التشريعي,,جهاد حرب,15,متوفر,,,
256,,نحو نظام انتمائي لدولة فلسطين,,جميل هلال,15,متوفر,,,
257,,الاعمال التشريعية,,سناء عبيدات,15,متوفر,,,
258,,ممارسات تربوية فيها نظر,,عبدالله سلامة,15,متوفر,,,
259,,ممارسات تربوية فيها نظر,,عبد الله سلامة,15,متوفر,,,
260,,التعليم النشط,,سالم عويس,15,متوفر,,,
261,,التعليم النشط,,سالم عويس,15,متوفر,,,
262,,تمويل التعليم الجامعي الفلسطيني,,محمود الجعفري,15,متوفر,,,
263,,دراسات اعلامية,,سميح شبيب,15,متوفر,,,
264,,المشهد الاخير,,رائد قرعان,15,متوفر,,,
265,,الخيميائي,,باولو كويلر,15,متوفر,,,
266,,مؤتمر الادب الشعبي,,عبد الكريم فتاش,15,متوفر,,,
267,,فرسان الزجل والحداء الفلسطيني,,نجيب يعاقبة,15,متوفر,,,
268,,الفنون الشعبية في فلسطين,,يسرى عرنيطة,15,متوفر,,,
269,,الاغنية الشعبية الفلسطينية,,حسين العطاري,15,متوفر,,,
270,,الفنون الشعبية  الفلسطينية,,يسرى عرنيطة,15,متوفر,,,
271,,الاغاني الشعبية الفلسطينية,,موسى علوش,16,متوفر,,,
272,,المرأة الفلسطينية واغنية العريس,,كاملة بدارنة,16,متوفر,,,
273,,كيف نصنع العاب,,معاوية الريماوي,16,متوفر,,,
274,,دليل لاحياء الدمى,,كفاح فني,16,متوفر,,,
275,,موسوعة الزخرفة المصورة,,ديانا الايوبي,16,متوفر,,,
276,,موسوعة الطب الشعبي,,احمد حجازي,16,متوفر,,,
277,,المطبخ الفلسطيني,,سهام زعرب,16,متوفر,,,
278,,الفردوس في بيتك,,بريهان هيام,16,متوفر,,,
279,,الاغاني والاشعار للاطفال الصغار,,بشارة مرجية,16,متوفر,,,
280,,اللهجات الفلسطينية,,عبد الرؤوف خريوش,16,متوفر,,,
281,,الطب العربي الشعبي,,ادريس جرادات,16,متوفر,,,
282,,الطب العربي الشعبي,,ادريس جرادات,16,متوفر,,,
283,,في البال اغنية,,ادريس جرادات,16,متوفر,,,
284,,العاب وحفلات الاطفال,,هبة عبيد,16,متوفر,,,
285,,فنون الاطفال,,سميح ابو تراكية,16,متوفر,,,
286,,الالعاب الشعبية الفلكلورية,,ادريس جرادات,16,متوفر,,,
287,,موسوعة الرسم والتلوين,,عبد الروؤف كيوان,16,متوفر,,,
288,,طلع النرجس والحنون,,تانيا ناصر,16,متوفر,,,
289,,القاموس العربي الشعبي الفلسطيني,,عبد اللطيف برغوثي,17,متوفر,,,
290,,القاموس العربي الشعبي الفلسطيني,,عبد اللطيف برغوثي,17,متوفر,,,
291,,الموسيقى للجميع,,جيدا مصلح,17,متوفر,,,
292,,اغانينا,,عيسى بولص,17,متوفر,,,
293,,آلات موسيقية,,حسين قدوري,17,متوفر,,,
294,,العادات والمواسم الشعبية الفلسطينية,,عبد اللطيف برغوثي,17,متوفر,,,
295,,الازياء الشعبية الفلسطينية,,ريتا غريب,17,متوفر,,,
296,,القصص الشعبية للاطفال,,عبد اللطيف برغوثي,17,متوفر,,,
297,,الادوات الحياتية الفلسطينية,1,محمد بدارنة,17,متوفر,,,
298,,الادوات الحياتية الفلسطينية,2,محمد بدارنة,17,متوفر,,,
299,,هيا نلعب,,عبد اللطيف برغوثي,17,متوفر,,,
300,,حوش يا صاحب الكرم حوش,,نايف جراد,17,متوفر,,,
301,,ملكة الحرير,,اسامة سلوادي,17,متوفر,,,
302,,دراسات في الشعر الشعبي,,موسى علوش,17,متوفر,,,
303,,ارمانوسة المصرية,,جرجي زيدان,17,متوفر,,,
304,,خلعوا الليل من الشجرة,,نصر شعث,17,متوفر,,,
305,,احلام السنونوة,,علاء الدين كاتبة,17,متوفر,,,
306,,كتاب اليوم كتاب الساحر,,عبد الزهرة,17,متوفر,,,
307,,الاعمال الشعرية,,باسم النبريص,18,متوفر,,,
308,,خريف الصفات,,علي الخليلي,18,متوفر,,,
309,,بعض ما يمكن,,عبد المطلب محمود,18,متوفر,,,
310,,رفيق السالمي يسقي غابة البرتقال,,محمود الغرباوي,18,متوفر,,,
311,,ستعود الحمامات يوما,,روز مصلح,18,متوفر,,,
312,,لا اثق بطائر الوقواق,,عز الدين مناصرة,18,متوفر,,,
313,,نفحات الزهور من نفثات الصدور,,محمد المسكي,18,متوفر,,,
314,,صيد اليمام,,محمد مطر,18,متوفر,,,
315,,هكذا تكلم الغريب,,معتز ابو صالح,18,متوفر,,,
316,,مدرج الثور,,طارق الكرمي,18,متوفر,,,
317,,اشراقات,,حميد سعيد,18,متوفر,,,
318,,كتاب القدس,,سميح القاسم,18,متوفر,,,
319,,في القدس,,تميم البرغوثي,18,متوفر,,,
320,,صليل القوافي,,احمد ياسين,18,متوفر,,,
321,,بذراع يصطاد الشمس,,منال النجوم,18,متوفر,,,
322,,الغدير الاخير,,زهور دكسن,18,متوفر,,,
323,,الريح راقص جرحي,,منير مطور,18,متوفر,,,
324,,زناد الخصر,,عبد الحكيم ابو جاموس,18,متوفر,,,
325,,لوحات شعرية من التراث النابلسي,,وليد الكيلاني,19,متوفر,,,
326,,المقنع,,سميح فرج,19,متوفر,,,
327,,مدار النار والنوار,,لطفي زغلول,19,متوفر,,,
328,,مدائن الحضور والغياب,,عبد الناصر صالح,19,متوفر,,,
329,,ما قلته فيه,,مايا ابو الحيات,19,متوفر,,,
330,,بين النهر وزنبقه,,آمال العديني,19,متوفر,,,
331,,فارس الشمس,,مفيد جاد,19,متوفر,,,
332,,ليكن لي اسمك,,قصي اللبدي,19,متوفر,,,
333,,ليتني,,فتحة عصفور,19,متوفر,,,
334,,اللية شعر وغدا شعر,,لطفي زغلول,19,متوفر,,,
335,,مرافئ السراب,,لطفي زغلول,19,متوفر,,,
336,,حذاء عائشة,,سامية الخليلي,19,متوفر,,,
337,,شرفات الكلام,,علي الخليلي,19,متوفر,,,
338,,بمناسبة وجودي حياً,,عادل عبد الله,19,متوفر,,,
339,,مرايا,,برهان السعدي,19,متوفر,,,
340,,زهرة الرمان,,مازن دويكات,19,متوفر,,,
341,,حيلة خاسرة,,علي الخليلي,19,متوفر,,,
342,,سفر على سفر,,سلمان ناطور,19,متوفر,,,
343,,آثام بيضاء,,جبر شعث,20,متوفر,,,
344,,آثام بيضاء,,جبر شعث,20,متوفر,,,
345,,كوني ما شئت,,ايمان عون,20,متوفر,,,
346,,واحد من لااحد,,ناصر رباح,20,متوفر,,,
347,,تغريبة االعشق,,ربحي محمود,20,متوفر,,,
348,,ما زال الحلم محاولة خطرة,,علي الخليلي,20,متوفر,,,
349,,ديوان محمود درويش,1,محمود درويش,20,متوفر,,,
350,,ديوان محمود درويش,1,محمود درويش,20,متوفر,,,
351,,ديوان محمود درويش,1,محمود درويش,20,متوفر,,,
352,,ديوان محمود درويش,2,محمود درويش,20,متوفر,,,
353,,ديوان محمود درويش,2,محمود درويش,20,متوفر,,,
354,,ديوان محمود درويش,2,محمود درويش,20,متوفر,,,
355,,الشعراء العرب,,عبد عون,20,متوفر,,,
356,,العوديسا الفلسطينية,1,خالد ابو خالد,20,متوفر,,,
357,,العوديسا الفلسطينية,3,خالد ابو خالد,20,متوفر,,,
358,,صورة الشهيد في الشعر الفلسطيني,,عبد البديع عراق,20,متوفر,,,
359,,الاعمال الشعرية الكاملة,2,محمد حسيب القاضي,20,متوفر,,,
360,,الاعمال الشعرية,,محمد لافي,20,متوفر,,,
361,,لا تعتذر عما فعلت,,محمود درويش,21,متوفر,,,
362,,طقوس في زفاف الموت,,ثريا نزال,21,متوفر,,,
363,,اوراق الطل,,محمد بطراوي,21,متوفر,,,
364,,شهيق الابنوس,,محمد السالمي,21,متوفر,,,
365,,سني القحط يا قلبي,,ليلى علوش,21,متوفر,,,
366,,قرابين العش الذهبي,,منذر عبد الدر,21,متوفر,,,
367,,يوتوبيا انثى,,نمر سعدي,21,متوفر,,,
368,,زهرة الرمان,,مازن دويكات,21,متوفر,,,
369,,اشعار الغابة,,وليد الكيلاني,21,متوفر,,,
370,,ديوان العسل البري,,نمر سرحان,21,متوفر,,,
371,,بيت الزمان,,عيسى الرومي,21,متوفر,,,
372,,سجينيوس,,جمعة الرفاعي,21,متوفر,,,
373,,سجينيوس,,جمعة الرفاعي,21,متوفر,,,
374,,نوايا معلقة,,انس ابو عريش,21,متوفر,,,
375,,مقال في معنى الريح,,باسم النبريص,21,متوفر,,,
376,,مقال في معنى الريح,,باسم النبريص,21,متوفر,,,
377,,ضجر الذئب,,يوسف ابو لوز,21,متوفر,,,
378,,معراج اخر,,عبد المنعم حمندي,21,متوفر,,,
379,,ليس هناك الا ي,,فاتنة الفرة,22,متوفر,,,
380,,مدائن الحضور والغياب,,عبد الناصر صالح,22,متوفر,,,
381,,جاهليات,,علاء الدين كاتبة,22,متوفر,,,
382,,ليلة الخروج من الاندلس,,نزية منير,22,متوفر,,,
383,,لا قمر بعد هذا المساء,,سامي مهدي,22,متوفر,,,
384,,معراج اخر,,عبد المنعم حمندي,22,متوفر,,,
385,,مطر النار والياسمين,,لطفي زغلول,22,متوفر,,,
386,,شواطئ ليست لنا,,لطفي خلف,22,متوفر,,,
387,,ليلة القصائد الصغيرة,,باسم النبريص,22,متوفر,,,
388,,موال في الليل العربي,,لطفي زغلول,22,متوفر,,,
389,,جدارية,,محمود درويش,22,متوفر,,,
390,,اشواك الحناء,,مثقال الجيوسي,22,متوفر,,,
391,,ديوان النص,,طارق الكرمي,22,متوفر,,,
392,,سيرة العشب,,زهير ابو شايب,22,متوفر,,,
393,,سيرة العشب,,زهير ابو شايب,22,متوفر,,,
394,,دفاتر الغيم,,يوسف عبد العزيز,22,متوفر,,,
395,,ليس هو,,دنيا الامل,22,متوفر,,,
396,,مقفى بالرماة,,محمد لافي,22,متوفر,,,
397,,كسور عشرية,,احمد دحبور,23,متوفر,,,
398,,كسور عشرية,,احمد دحبور,23,متوفر,,,
399,,سماء حمراء في الصباح,,اليزابيث ليرد,23,متوفر,,,
400,,سماء حمراء في الصباح,,اليزابيث ليرد,23,متوفر,,,
401,,سماء حمراء في الصباح,,اليزابيث ليرد,23,متوفر,,,
402,,سماء حمراء في الصباح,,اليزابيث ليرد,23,متوفر,,,
403,,انا وجمانة,,محمود شقير,23,متوفر,,,
404,,صباح مساء,,حسن حميد,23,متوفر,,,
405,,صباح مساء,,حسن حميد,23,متوفر,,,
406,,قبل الموت بعد الجنون,,يسرى الغول,23,متوفر,,,
407,,قبل الموت بعد الجنون,,يسرى الغول,23,متوفر,,,
408,,انا وجمانة,,محمود شقير,23,متوفر,,,
409,,انا وجمانة,,محمود شقير,23,متوفر,,,
410,,انا وجمانة,,محمود شقير,23,متوفر,,,
411,,انا وجمانة,,محمود شقير,23,متوفر,,,
412,,انا وجمانة,,محمود شقير,23,متوفر,,,
413,,انا وجمانة,,محمود شقير,23,متوفر,,,
414,,انا وجمانة,,محمود شقير,23,متوفر,,,
415,,ادب الاطفال,,يحي يخلف,24,متوفر,,,
416,,ادب الاطفال,,يحي يخلف,24,متوفر,,,
417,,ادب الاطفال,,سعيد عساف,24,متوفر,,,
418,,ادب الاطفال,,سعيد عساف,24,متوفر,,,
419,,الغواص,,حافظ البرغوثي,24,متوفر,,,
420,,الغواص,,حافظ البرغوثي,24,متوفر,,,
421,,خميل كسلها الصباحي,,منى ظاهر,24,متوفر,,,
422,,مسألة وقت,,منتصر القناش,24,متوفر,,,
423,,ابتسامة الجدي,,ديفيد غروسمان,24,متوفر,,,
424,,باب الساحة,,سحر خليفة,24,متوفر,,,
425,,الامير الصغير,,انطوان دي,24,متوفر,,,
426,,العوديسا الفلسطينية,,خالد ابو خالد,24,متوفر,,,
427,,المجموعة العربية الكاملة,,جبران خليل جبران,24,متوفر,,,
428,,المجموعة العربية الكاملة,,جبران خليل جبران,24,متوفر,,,
429,,الآثار الكاملة,,غسان كنفاني,24,متوفر,,,
430,,الآثار الكاملة,,غسان كنفاني,24,متوفر,,,
431,,الآثار الكاملة,,غسان كنفاني,24,متوفر,,,
432,,الآثار الكاملة,,غسان كنفاني,24,متوفر,,,
433,,الفراشة والاخطبوط,,زينب جحش,25,متوفر,,,
434,,مدينة الصمت,,سما حسن,25,متوفر,,,
435,,النفق,,وليد الهودلي,25,متوفر,,,
436,,صبي على السطح,,جوفة الحارثي,25,متوفر,,,
437,,ام سعد,,غسان كنفاني,25,متوفر,,,
438,,شهداء واصنام,,هشام ابو غوش,25,متوفر,,,
439,,لماذا يعشق الاولاد البرقوق,,زينب جحش,25,متوفر,,,
440,,احلام بالحرية,,عائشة عودة,25,متوفر,,,
441,,الميراث,,سحر خليفة,25,متوفر,,,
442,,رسل الافعى,,المتوكل طه,25,متوفر,,,
443,,تلك الايام,,عبد الهادي الشروف,25,متوفر,,,
444,,الاسياد يحبون العسل,,ميس داغر,25,متوفر,,,
445,,الاسياد يحبون العسل,,ميس داغر,25,متوفر,,,
446,,عملية انقاذ في بغداد,,لوشيانا سافا غيث,25,متوفر,,,
447,,عملية انقاذ في بغداد,,لوشيانا سافا غيث,25,متوفر,,,
448,,عملية انقاذ في بغداد,,لوشيانا سافا غيث,25,متوفر,,,
449,,عملية انقاذ في بغداد,,لوشيانا سافا غيث,25,متوفر,,,
450,,عملية انقاذ في بغداد,,لوشيانا سافا غيث,25,متوفر,,,
451,,صيف 67,,مجدي الشوملي,26,متوفر,,,
452,,صيف 67,,مجدي الشوملي,26,متوفر,,,
453,,صيف 67,,مجدي الشوملي,26,متوفر,,,
454,,صيف 67,,مجدي الشوملي,26,متوفر,,,
455,,صيف 67,,مجدي الشوملي,26,متوفر,,,
456,,ضفاف الانثى,,خليل حسونة,26,متوفر,,,
457,,الشهيد نوح ابراهيم,,نمر حجان,26,متوفر,,,
458,,ابراهيم طوقان(حياته وشعره),,يوسف الطريفي,26,متوفر,,,
459,,سنكون يوما ما ما نريد,,محمود درويش,26,متوفر,,,
460,,سنكون يوما ما ما نريد,,محمود درويش,26,متوفر,,,
461,,تعال معي الى المكتبة,,نومي بوكهيمر,26,متوفر,,,
462,,الرواد المقدسيون,1,جهاد احمد صالح,26,متوفر,,,
463,,الرواد المقدسيون,2,جهاد احمد صالح,26,متوفر,,,
464,,الرواد المقدسيون,3,جهاد احمد صالح,26,متوفر,,,
465,,الرواد المقدسيون,4,جهاد احمد صالح,26,متوفر,,,
466,,الرواد المقدسيون,5,جهاد احمد صالح,26,متوفر,,,
467,,الرواد المقدسيون,6,جهاد احمد صالح,26,متوفر,,,
468,,الرواد المقدسيون,7,جهاد احمد صالح,26,متوفر,,,
469,,الرواد المقدسيون,8,جهاد احمد صالح,27,متوفر,,,
470,,الرواد المقدسيون,9,جهاد احمد صالح,27,متوفر,,,
471,,الرواد المقدسيون,10,جهاد احمد صالح,27,متوفر,,,
472,,الرواد المقدسيون,11,جهاد احمد صالح,27,متوفر,,,
473,,الرواد المقدسيون,12,جهاد احمد صالح,27,متوفر,,,
474,,الرواد المقدسيون,13,جهاد احمد صالح,27,متوفر,,,
475,,الرواد المقدسيون,14,جهاد احمد صالح,27,متوفر,,,
476,,الرواد المقدسيون,15,جهاد احمد صالح,27,متوفر,,,
477,,الرواد المقدسيون,16,جهاد احمد صالح,27,متوفر,,,
478,,الرواد المقدسيون,17,جهاد احمد صالح,27,متوفر,,,
479,,الرواد المقدسيون,18,جهاد احمد صالح,27,متوفر,,,
480,,الرواد المقدسيون,19,جهاد احمد صالح,27,متوفر,,,
481,,الرواد المقدسيون,20,جهاد احمد صالح,27,متوفر,,,
482,,نقد الشعر في الاندلس,,مقداد رحيم,27,متوفر,,,
483,,في حضرة الغياب,,محمود درويش,27,متوفر,,,
484,,حيرة العائد,,محمود درويش,27,متوفر,,,
485,,آثر الفراشة,,محمود درويش,27,متوفر,,,
486,,كزهرة اللوز او ابعد,,محمود درويش,27,متوفر,,,
487,,شجرة الدر,,جرجي زيدان,28,متوفر,,,
488,,الحجاج بن يوسف,,جرجي زيدان,28,متوفر,,,
489,,فتاة القيروان,,جرجي زيدان,28,متوفر,,,
490,,الوقائع الغربية في اختفاء سعيد ابن النمس,,اميل حبيبي,28,متوفر,,,
491,,اخطية,,اميل حبيبي,28,متوفر,,,
492,,سداسية الايام الستة,,اميل حبيبي,28,متوفر,,,
493,,سرايات الغول,,اميل حبيبي,28,متوفر,,,
494,,لكع بن لكع,,اميل حبيبي,28,متوفر,,,
495,,سراح الغولة,,اميل حبيبي,28,متوفر,,,
496,,ام الروبابيكيا,,اميل حبيبي,28,متوفر,,,
497,,عباقرة الادب,,مصطفى غالب,28,متوفر,,,
498,,ارض القصيدة,,عادل الاسطة,28,متوفر,,,
499,,حق المؤلف,,رشاد توام,28,متوفر,,,
500,,الجزائر وتلمسان,,جهاد احمد صالح,28,متوفر,,,
501,,كتاباتي الادبية,,موسى علوش,28,متوفر,,,
502,,الذات والاخر,,محمد قواسمة,28,متوفر,,,
503,,العاصفة الثلجية,,ونيش اوين,28,متوفر,,,
504,,العاصفة الثلجية,,ونيش اوين,28,متوفر,,,
505,,البديل,,سلمى لاغرلوف,29,متوفر,,,
506,,البديل,,سلمى لاغرلوف,29,متوفر,,,
507,,لماذا تغير برهان,,جونيلا برجسترم,29,متوفر,,,
508,,لماذا تغير برهان,,جونيلا برجسترم,29,متوفر,,,
509,,لماذا تغير برهان,,جونيلا برجسترم,29,متوفر,,,
510,,ليلى ترحل من البيت,,استريد ليندجرين,29,متوفر,,,
511,,ليلى ترحل من البيت,,استريد ليندجرين,29,متوفر,,,
512,,ليلى ترحل من البيت,,استريد ليندجرين,29,متوفر,,,
513,,جنان في بيت ياليت,,استريد ليندجرين,29,متوفر,,,
514,,جنان في بيت ياليت,,استريد ليندجرين,29,متوفر,,,
515,,جنان في بيت ياليت,,استريد ليندجرين,29,متوفر,,,
516,,المغامرات الكاملة للارنب بيتر,,بياتركس بوكر,29,متوفر,,,
517,,المغامرات الكاملة للارنب بيتر,,بياتركس بوكر,29,متوفر,,,
518,,المغامرات الكاملة للارنب بيتر,,بياتركس بوكر,29,متوفر,,,
519,,بانشاتانترا,,عصام البطران,29,متوفر,,,
520,,بانشاتانترا,,عصام البطران,29,متوفر,,,
521,,بانشاتانترا,,عصام البطران,29,متوفر,,,
522,,سر العصفور الضائع,,احمد الناطور,29,متوفر,,,
523,,الى عالم الكائنات البرية,,موريس سيبداك,30,متوفر,,,
524,,الى عالم الكائنات البرية,,موريس سيبداك,30,متوفر,,,
525,,الى عالم الكائنات البرية,,موريس سيبداك,30,متوفر,,,
526,,قصص من افريقيا,,جينا ملفوفي,30,متوفر,,,
527,,قصص من افريقيا,,جينا ملفوفي,30,متوفر,,,
528,,قصص من افريقيا,,جينا ملفوفي,30,متوفر,,,
529,,صيف غارمان,,ستيبان هولة,30,متوفر,,,
530,,سناء اميرة الحمام,,مصطفى عبد الفتاح,30,متوفر,,,
531,,الصبي والصبية والجدار,,اولفت ستارك,30,متوفر,,,
532,,مملكة المرايا,,سهيل كيوان,30,متوفر,,,
533,,الاميرة ليماس,,فاضل علي,30,متوفر,,,
534,,اجمل الاطفال,,احمد سليمان,30,متوفر,,,
535,,ميرابل,,استريد ليندجرين,30,متوفر,,,
536,,ميرابل,,استريد ليندجرين,30,متوفر,,,
537,,ميرابل,,استريد ليندجرين,30,متوفر,,,
538,,الام وطفلها الشقي,,ايفا ارلكسون,30,متوفر,,,
539,,الام وطفلها الشقي,,ايفا ارلكسون,30,متوفر,,,
540,,الام وطفلها الشقي,,ايفا ارلكسون,30,متوفر,,,
541,,اخي الكبير,,اولفت ستارك,31,متوفر,,,
542,,اخي الكبير,,اولفت ستارك,31,متوفر,,,
543,,اخي الكبير,,اولفت ستارك,31,متوفر,,,
544,,اخي الكبير,,اولفت ستارك,31,متوفر,,,
545,,هل تستطيعين الصغير يا جوانا,,اولفت ستارك,31,متوفر,,,
546,,هل تستطيعين الصغير يا جوانا,,اولفت ستارك,31,متوفر,,,
547,,هل تستطيعين الصغير يا جوانا,,اولفت ستارك,31,متوفر,,,
548,,هل تستطيعين الصغير يا جوانا,,اولفت ستارك,31,متوفر,,,
549,,هل تستطيعين الصغير يا جوانا,,اولفت ستارك,31,متوفر,,,
550,,آن في المرتفعات الخضراء,,مونتغري,31,متوفر,,,
551,,آن في المرتفعات الخضراء,,مونتغري,31,متوفر,,,
552,,آن في المرتفعات الخضراء,,مونتغري,31,متوفر,,,
553,,آن في المرتفعات الخضراء,,مونتغري,31,متوفر,,,
554,,آن في المرتفعات الخضراء,,مونتغري,31,متوفر,,,
555,,الاخوان,,استريد ليند جرين,31,متوفر,,,
556,,الاخوان,,استريد ليند جرين,31,متوفر,,,
557,,الاخوان,,استريد ليند جرين,31,متوفر,,,
558,,الاخوان,,استريد ليند جرين,31,متوفر,,,
559,,رحلة الى جوهانسبرغ,,بيفرلي نايدو,32,متوفر,,,
560,,رحلة الى جوهانسبرغ,,بيفرلي نايدو,32,متوفر,,,
561,,رحلة الى جوهانسبرغ,,بيفرلي نايدو,32,متوفر,,,
562,,رحلة الى جوهانسبرغ,,بيفرلي نايدو,32,متوفر,,,
563,,رحلة الى جوهانسبرغ,,بيفرلي نايدو,32,متوفر,,,
564,,سلسلة من نار,,بيفرلي نايدو,32,متوفر,,,
565,,سلسلة من نار,,بيفرلي نايدو,32,متوفر,,,
566,,سلسلة من نار,,بيفرلي نايدو,32,متوفر,,,
567,,سلسلة من نار,,بيفرلي نايدو,32,متوفر,,,
568,,سلسلة من نار,,بيفرلي نايدو,32,متوفر,,,
569,,حكايات اندرسن,,هانس اندرسن,32,متوفر,,,
570,,حكايات اندرسن,,هانس اندرسن,32,متوفر,,,
571,,حكايات اندرسن,,هانس اندرسن,32,متوفر,,,
572,,حكايات اندرسن,,هانس اندرسن,32,متوفر,,,
573,,حكايات اندرسن,,هانس اندرسن,32,متوفر,,,
574,,حكايات اندرسن,,هانس اندرسن,32,متوفر,,,
575,,حكايات اندرسن,,هانس اندرسن,32,متوفر,,,
576,,حكايات اندرسن,,هانس اندرسن,32,متوفر,,,
577,,تحت شجرة الزعرور,,ماريتا كونلون,33,متوفر,,,
578,,تحت شجرة الزعرور,,ماريتا كونلون,33,متوفر,,,
579,,تحت شجرة الزعرور,,ماريتا كونلون,33,متوفر,,,
580,,تحت شجرة الزعرور,,ماريتا كونلون,33,متوفر,,,
581,,تحت شجرة الزعرور,,ماريتا كونلون,33,متوفر,,,
582,,الاصايل الخمس,,هنريت سكسك,33,متوفر,,,
583,,الاصايل الخمس,,هنريت سكسك,33,متوفر,,,
584,,الاصايل الخمس,,هنريت سكسك,33,متوفر,,,
585,,الاصايل الخمس,,هنريت سكسك,33,متوفر,,,
586,,الاصايل الخمس,,هنريت سكسك,33,متوفر,,,
587,,وسائد حجرية,,مازن دويكات,33,متوفر,,,
588,,وسائد حجرية,,مازن دويكات,33,متوفر,,,
589,,وسائد حجرية,,مازن دويكات,33,متوفر,,,
590,,وسائد حجرية,,مازن دويكات,33,متوفر,,,
591,,وسائد حجرية,,مازن دويكات,33,متوفر,,,
592,,كوكب بعيد لاختي الملكة,,محمود شقير,33,متوفر,,,
593,,كوكب بعيد لاختي الملكة,,محمود شقير,33,متوفر,,,
594,,كوكب بعيد لاختي الملكة,,محمود شقير,33,متوفر,,,
595,,في رداء قديم,,نسمة العكلوك,34,متوفر,,,
596,,في رداء قديم,,نسمة العكلوك,34,متوفر,,,
597,,غسان قلبي,,صلاح حزين,34,متوفر,,,
598,,غسان قلبي,,صلاح حزين,34,متوفر,,,
599,,قرية الأولياء,,ربحي شويكي,34,متوفر,,,
600,,ما يشبه الرقص,,معن سمارة,34,متوفر,,,
601,,الظل الكبير,,سميرة عزام,34,متوفر,,,
602,,حجارة الوادي,,فاضل يونس,34,متوفر,,,
603,,مقعد الغائبة,,باسمة التكروري,34,متوفر,,,
604,,شمس الأرض,,علي جرادات,34,متوفر,,,
605,,المسكوبية,,اسامة عيسة,34,متوفر,,,
606,,عتبة ثقيلة الروح,,مايا أبو الحيات,34,متوفر,,,
607,,عكا و الملوك,,أحمد عوض,34,متوفر,,,
608,,في أعقاب ذلك,,بيربيترسون,34,متوفر,,,
609,,حكايات على ظهر فرس,,جامبين داشدوندوغ,34,متوفر,,,
610,,حكايات على ظهر فرس,,جامبين داشدوندوغ,34,متوفر,,,
611,,حكايات على ظهر فرس,,جامبين داشدوندوغ,34,متوفر,,,
612,,حكايات على ظهر فرس,,جامبين داشدوندوغ,34,متوفر,,,
613,,عشب الأرصفة,,ايمان بصير,35,متوفر,,,
614,,عشرون ألف فرسخ تحت البحر,,جول فيرين,35,متوفر,,,
615,,الشكل المستطاع,,سماح الشيخ,35,متوفر,,,
616,,الشكل المستطاع,,سماح الشيخ,35,متوفر,,,
617,,انفلات الموج,,عبدالله تايه,35,متوفر,,,
618,,فتح الأندلس,,جورجي زيدان,35,متوفر,,,
619,,القادم من القيامة,,وليد الشرفة,35,متوفر,,,
620,,الجسر,,عايدة النوباني,35,متوفر,,,
621,,سيدة من البحر,,هيزيك ابسن,35,متوفر,,,
622,,من وراء النوافذ,,حزامة حبايب,35,متوفر,,,
623,,فنانة الجسد,,دون ديللو,35,متوفر,,,
624,,اسمي الحركي فراشة,,احلام بشارات,35,متوفر,,,
625,,اسمي الحركي فراشة,,احلام بشارات,35,متوفر,,,
626,,ربيع حار,,سحر خليفة,35,متوفر,,,
627,,وكان ابنه الثمن,,امين خيرالدين,35,متوفر,,,
628,,المؤسسة,,جون جريشام,35,متوفر,,,
629,,حصرم الجنة,,عاطف أبو سيف,35,متوفر,,,
630,,الأسياد يحبون العسل,,ميس داغر,35,متوفر,,,
631,,هاري بوتر و حجرة الأسرار,,رولنج,36,متوفر,,,
632,,الوجوه الأخرى,,وداد البرغوثي,36,متوفر,,,
633,,الخليل (مسرحية ),,تمير غرينبرغ,36,متوفر,,,
634,,رباعيات عمر الخيام,,مصطفى التل,36,متوفر,,,
635,,سجن السجن,,عصمت منصور,36,متوفر,,,
636,,قال الفتى لبنان,,متوكل طه,36,متوفر,,,
637,,القدس انت,,شهاب محمد,36,متوفر,,,
638,,موال الارض,,شهاب محمد,36,متوفر,,,
639,,قالت لنا القدس,,محمود شقير,36,متوفر,,,
640,,أرض الغزالة,,حسن خضر,36,متوفر,,,
641,,برق مقيم,,بكر أبو بكر,36,متوفر,,,
642,,المنفى وحالات الجمر,,خليل حسونة,36,متوفر,,,
643,,شارع الأميرات,,جبرا ابراهيم,36,متوفر,,,
644,,خمس نجوم تحت الصفر,,حاتم الشنار,36,متوفر,,,
645,,نساء وأكثر,,ايلياس فرقوع,36,متوفر,,,
646,,مقالات في الشعر الجاهلي,,يوسف اليوسف,36,متوفر,,,
647,,ذاكرة النسيان,,محمود درويش,36,متوفر,,,
648,,مرايا سائلة,,حسين برغوثي,36,متوفر,,,
649,,برقوق خضراء,,هيثم صبري,37,متوفر,,,
650,,الحياة والموت و العلم والحقيقة,,جمال بنورة,37,متوفر,,,
651,,شرق المتوسط,,عبدالرحمن منيف,37,متوفر,,,
652,,كشكول الذهب,,المتوكل طه,37,متوفر,,,
653,,الضوء الأزرق,,حسين برغوثي,37,متوفر,,,
654,,الباب المفتوح,,عبدالرحمن منيف,37,متوفر,,,
655,,تأويل الكلام,,غسان عبدالخالق,37,متوفر,,,
656,,اصداء في حديقة المعدن,,أديب رفيق,37,متوفر,,,
657,,الاوذيسة الفلسطينية,,جمال سلسع,37,متوفر,,,
658,,الاوذيسة الفلسطينية,,جمال سلسع,37,متوفر,,,
659,,حجر الورد,,حسين برغوثي,37,متوفر,,,
660,,كأني ادحرج المجرات,,عثمان حسين,37,متوفر,,,
661,,الكتابة بنكهة الموت,,وليد أبوبكر,37,متوفر,,,
662,,القدس في الشعر الفلسطيني الحديث,,فاروق قواسمي,37,متوفر,,,
663,,الشيخ سعدالدين العلمي,,احمد العلمي,37,متوفر,,,
664,,لطفي زغلول شاعر الحب والوطن,,حياة الياقوت,37,متوفر,,,
665,,كيليلة و دمنة,,بيديا,37,متوفر,,,
666,,رائحة التراب,,نادي الديك,37,متوفر,,,
667,,أسرار البحر الأحمر,,هنري دومونفريد,38,متوفر,,,
668,,أسرار البحر الأحمر,,هنري دومونفريد,38,متوفر,,,
669,,أسرار البحر الأحمر,,هنري دومونفريد,38,متوفر,,,
670,,أسرار البحر الأحمر,,هنري دومونفريد,38,متوفر,,,
671,,قطار باتاغونيا السريع,,لويس سبولفيدا,38,متوفر,,,
672,,الصبي والبحر,,توفيق أبوشومر,38,متوفر,,,
673,,بيت الزمان,,عيسى الرومي,38,متوفر,,,
674,,تجليات الواقع في الفن القصصي,,وليد أبوبكر,38,متوفر,,,
675,,الأنا والاخر في الرواية الاسرائيلية,,امين دراوشة,38,متوفر,,,
676,,اسماء ورموز في الأدب الفلسطيني,,قسطندي شوملي,38,متوفر,,,
677,,88(شعر),,خالد درويش,38,متوفر,,,
678,,أديان البشر,,وهدان عويس,38,متوفر,,,
679,,قصائد و أغاني,,وليد الكيلاني,38,متوفر,,,
680,,بيت دمية,,هنريك ابسن,38,متوفر,,,
681,,ديوان العسل البري,,نمر سرحان,38,متوفر,,,
682,,الذاكرة الفلسطينية,,ليليان بشارة,38,متوفر,,,
683,,اخوة التراب و هموم المكان,,نادي الديك,38,متوفر,,,
684,,الصبار ينفي صامدا,,ابو النصر التميمي,38,متوفر,,,
685,,أحلام ابن النبي,,المتوكل طه,39,متوفر,,,
686,,عتبة ثقيلة الروح,,مايا أبو الحيات,39,متوفر,,,
687,,عتبة ثقيلة الروح,,مايا أبو الحيات,39,متوفر,,,
688,,أصوات المدينة,,وجيه ظاهر,39,متوفر,,,
689,,أصوات المدينة,,وجيه ظاهر,39,متوفر,,,
690,,أخر الأبواب الموصدة,,ابتسام ابو ميالة,39,متوفر,,,
691,,أخر الأبواب الموصدة,,ابتسام ابو ميالة,39,متوفر,,,
692,,الربان,,محمود شقير,39,متوفر,,,
693,,ديوان عرائس الشعر,,خالد الكيلاني,39,متوفر,,,
694,,كوني ما شئت,,ايمان عون,39,متوفر,,,
695,,تأملات نقدية,,عزت الغزاوي,39,متوفر,,,
696,,بنية الخطاب في الرواية النسائية,,حفيظة احمد,39,متوفر,,,
697,,لاجىء تتبعه بلاد تختفي,,فاروق يوسف,39,متوفر,,,
698,,عين الأعمى الجميل,,طارق الكرمي,39,متوفر,,,
699,,عين الأعمى الجميل,,طارق الكرمي,39,متوفر,,,
700,,ان تكون صغيرا ولا تصدق ذلك,,وليد الشيخ,39,متوفر,,,
701,,ان تكون صغيرا ولا تصدق ذلك,,وليد الشيخ,39,متوفر,,,
702,,المنفى و حالات الجمر,,خليل حسونة,39,متوفر,,,
703,,مضى زمن النرجش,,زهيرة زقطان,40,متوفر,,,
704,,انفلات الموج,,عبدالله تايه,40,متوفر,,,
705,,انفلات الموج,,عبدالله تايه,40,متوفر,,,
706,,نوايا معلقة,,انس ابوعويش,40,متوفر,,,
707,,كوني ما شئت,,ايمان عون,40,متوفر,,,
708,,كوني ما شئت,,ايمان عون,40,متوفر,,,
709,,في اعقاب ذلك,,بيربيترسون,40,متوفر,,,
710,,صحراء بوذا,,خضير ميري,40,متوفر,,,
711,,عصفور من الشرق,,توفيق الحكيم,40,متوفر,,,
712,,احتفال في مقهى الخيبة,,مازن دويكات,40,متوفر,,,
713,,تل الحكاية,,وداد البرغوثي,40,متوفر,,,
714,,كان يا مكان,,رشدي الأشهب,40,متوفر,,,
715,,حكايات شعبية من فلسطين,,نمر سرحان,40,متوفر,,,
716,,ذاكرة المكان,,عبدالرحمن عباد,40,متوفر,,,
717,,على موتها اغني,,يسري الغول,40,متوفر,,,
718,,الخيمة المحاصرة,,ابراهيم العلم,40,متوفر,,,
719,,استعراض البابلية,,عاطف سليمان,40,متوفر,,,
720,,لغة الماء,,عفاف خلف,40,متوفر,,,
721,,اوغاريت ذاكرة حقل,,زهيرة زقطان,41,متوفر,,,
722,,رأيت رام الله,,ماريد البرغوثي,41,متوفر,,,
723,,الضفيرة السوداء,,محمد عبدالحليم,41,متوفر,,,
724,,نجمة النواتي,,غريب عسقلاني,41,متوفر,,,
725,,اسماء مستعارة,,عبدالرحمن ضيف,41,متوفر,,,
726,,الواثقون الشهداء,,علي فرج,41,متوفر,,,
727,,لفلسطين السلام,,ابو النصر التميمي,41,متوفر,,,
728,,يمين الاخلاص,,شاموئيل عفنون,41,متوفر,,,
729,,منارات,,وليد الهودلي,41,متوفر,,,
730,,ديفيد كوبر فيلد,,تشارلز ديكينز,41,متوفر,,,
731,,كوخ العم توم,,هارت ستاو,41,متوفر,,,
732,,احدب نوتردام,,فيكتور هيغو,41,متوفر,,,
733,,شوك بلا ورد,,جورج الخوري,41,متوفر,,,
734,,جنة الاحزان,,بطرس خواجا,41,متوفر,,,
735,,في جبال فلسطين,,ابن الخطاب,41,متوفر,,,
736,,الروح والجسد,,مصطفى محمود,41,متوفر,,,
737,,الضفة الثالة لنهر الاردن,,حسين برغوثي,41,متوفر,,,
738,,الامال الكبيرة,,تشارل ديسكتر,41,متوفر,,,
739,,صلاح الدين ومكايد الحشاشين,,جورجي زيدان,42,متوفر,,,
740,,صديق جانيت الصدوق,,ريتا برككامب,42,متوفر,,,
741,,البينة الايقاعية في شعر عزالدين المناصرة,,علام حجام,42,متوفر,,,
742,,متابعات نصية,,علي خواجا,42,متوفر,,,
743,,الاسلوبية والصرفية,,اماني داود,42,متوفر,,,
744,,النقد الحديث والادب المقارن,,رامي الحموي,42,متوفر,,,
745,,مخيلة الحكاية,,مالك الريماوي,42,متوفر,,,
746,,حضور الغائب,,علي خواجا,42,متوفر,,,
747,,افاق الرؤية الشعرية,,ابراهيم نمر,42,متوفر,,,
748,,صورة الاخر في الشعر الفلسطيني,,المتوكل طه,42,متوفر,,,
749,,شعراء فلسطين,,شهاب محمد,42,متوفر,,,
750,,رواية سيدوري,,خالد الجبر,42,متوفر,,,
751,,مقالات في الشعر الجاهلي,,يوسف اليوسف,42,متوفر,,,
752,,النحو الواضح,1,علي الجارم,42,متوفر,,,
753,,النحو الواضح,2,علي الجارم,42,متوفر,,,
754,,النحو الواضح,3,علي الجارم,42,متوفر,,,
755,,على هامش السيرة,,طه حسين,42,متوفر,,,
756,,الشعر في الاسلام,,احمد الغول,42,متوفر,,,
757,,دراسات في تطور النقد العربي الحديث,,خليل الحسيني,43,متوفر,,,
758,,دراسات في تطور النقد العربي الحديث,,خليل الحسيني,43,متوفر,,,
759,,بنية الخطاب,,حفيظة احمد,43,متوفر,,,
760,,المعجم الوسيط,,ابراهيم انيس,43,متوفر,,,
761,,المعجم الوسيط,1+2,ابراهيم مصطفى,43,متوفر,,,
762,,المنجد في اللغة والادب والعلوم,,لويس معلوف,43,متوفر,,,
763,,المنجد في اللغة والاعلام,,,43,متوفر,,,
764,,المنجد في اللغة والاعلام,,,43,متوفر,,,
765,,موسوعة اعلام الفكر العربي,1--4,سعيد الصحار,43,متوفر,,,
766,,منجد الطلاب,,فؤاد البستاني,43,متوفر,,,
767,,ديوان المتنبي,,عبدالرحمن المسطاوي,43,متوفر,,,
768,,ديوان خالد الكيلاني,,خليل الكيلاني,43,متوفر,,,
769,,علم الصرف,,عبدالمنعم مسعد,43,متوفر,,,
770,,ماجدولين,,ايمن فالوطي,43,متوفر,,,
771,,احمد شوقي حياته وشعره,,يوسف الطريفي,43,متوفر,,,
772,,الشوقيات,1--2,محمد بيضون,43,متوفر,,,
773,,الشوقيات,3--4,محمد بيضون,43,متوفر,,,
774,,اعلام الشعر العربي,,مريم شبلي,43,متوفر,,,
775,,امراء الشعر العربي,,عباس صادق,44,متوفر,,,
776,,السحر والشعر,,خالد الجبر,44,متوفر,,,
777,,التطبيق الصرفي,,عبده الراجحي,44,متوفر,,,
778,,لسان العرب,1,ابن منظور,44,متوفر,,,
779,,لسان العرب,2,ابن منظور,44,متوفر,,,
780,,لسان العرب,3,ابن منظور,44,متوفر,,,
781,,لسان العرب,4,ابن منظور,44,متوفر,,,
782,,لسان العرب,5,ابن منظور,44,متوفر,,,
783,,لسان العرب,6,ابن منظور,44,متوفر,,,
784,,لسان العرب,7,ابن منظور,44,متوفر,,,
785,,لسان العرب,8,ابن منظور,44,متوفر,,,
786,,لسان العرب,9,ابن منظور,44,متوفر,,,
787,,لسان العرب,10,ابن منظور,44,متوفر,,,
788,,لسان العرب,11,ابن منظور,44,متوفر,,,
789,,لسان العرب,12,ابن منظور,44,متوفر,,,
790,,لسان العرب,13,ابن منظور,44,متوفر,,,
791,,لسان العرب,14,ابن منظور,44,متوفر,,,
792,,لسان العرب,15,ابن منظور,44,متوفر,,,
793,,لسان العرب,16,ابن منظور,45,متوفر,,,
794,,لسان العرب,17,ابن منظور,45,متوفر,,,
795,,لسان العرب,18,ابن منظور,45,متوفر,,,
796,,القواعد الاساسية للغة العربية,,احمد الهاشمي,45,متوفر,,,
797,,الحجة في النحو,,عبدالمنعم مسعد,45,متوفر,,,
798,,جامع الدروس العربية,1--3,مصطفى غلاييني,45,متوفر,,,
799,,التطبيق النحوي,,عبده الراجحي,45,متوفر,,,
800,,التطبيق النحوي,,عبده الراجحي,45,متوفر,,,
801,,التطبيق الصرفي,,عبده الراجحي,45,متوفر,,,
802,,تطبيقات نحوية,,عبدالمنعم مسعد,45,متوفر,,,
803,,الفضة المضيئة,,عبدالمنعم مسعد,45,متوفر,,,
804,,اكتساب مهارة الاعراب,,ياسر الملاح,45,متوفر,,,
805,,المختصر في الصرف,,عبدالمنعم مسعد,45,متوفر,,,
806,,علم العروض والقافية,,عبدالمنعم مسعد,45,متوفر,,,
807,,مسائل في النحو والصرف,,عبدالمنعم مسعد,45,متوفر,,,
808,,نصوص تطبيقية في النحو,,عبدالمنعم مسعد,45,متوفر,,,
809,,العمدة في النحو,,عبدالمنعم مسعد,45,متوفر,,,
810,,اللغة العربية ثقافة عامة,,محمد المصري,45,متوفر,,,
811,,مجنون فلسطين,1,يوسف الخطيب,46,متوفر,,,
812,,مجنون فلسطين,2,يوسف الخطيب,46,متوفر,,,
813,,مجنون فلسطين,3,يوسف الخطيب,46,متوفر,,,
814,,لسان العرب,1,ابن منظور,46,متوفر,,,
815,,لسان العرب,2,ابن منظور,46,متوفر,,,
816,,لسان العرب,3,ابن منظور,46,متوفر,,,
817,,لسان العرب,4,ابن منظور,46,متوفر,,,
818,,لسان العرب,5,ابن منظور,46,متوفر,,,
819,,لسان العرب,6,ابن منظور,46,متوفر,,,
820,,لسان العرب,7,ابن منظور,46,متوفر,,,
821,,لسان العرب,8,ابن منظور,46,متوفر,,,
822,,لسان العرب,9,ابن منظور,46,متوفر,,,
823,,صفوة الصفوة,1,ابن الجوزي,46,متوفر,,,
824,,صفوة الصفوة,2,ابن الجوزي,46,متوفر,,,
825,,صفوة التفاسير,1,محمد علي الصابوني,46,متوفر,,,
826,,صفوة التفاسير,2,محمد علي الصابوني,46,متوفر,,,
827,,صفوة التفاسير,3,محمد علي الصابوني,46,متوفر,,,
828,,تيسير الكريم الرحمن في تفسير كلام المنام,,عبدالرحمن السعدي,46,متوفر,,,
829,,تيسير الكريم الرحمن في تفسير كلام المنام,,عبدالرحمن السعدي,47,متوفر,,,
830,,صفوة التفاسير,1,محمد علي الصابوني,47,متوفر,,,
831,,صفوة التفاسير,2,محمد علي الصابوني,47,متوفر,,,
832,,صفوة التفاسير,3,محمد علي الصابوني,47,متوفر,,,
833,,رياض الصالحين,,يحيى النووي,47,متوفر,,,
834,,بنو اسرائيل في القران والسنة,,محمد طنطاوي,47,متوفر,,,
835,,الجامع لاخبار الانبياء وقصصهم في صحيح السنة,,غانم غانم,47,متوفر,,,
836,,نجوم حول الرسول,,طه عبد الروؤف,47,متوفر,,,
837,,تنبيه الغافلين,,السمرقندي,47,متوفر,,,
838,,قصص الانبياء,,حامد الطاهر,47,متوفر,,,
839,,آيات وحكايات,,نجوى عبد العزيز,47,متوفر,,,
840,,فتاوي واحكام المرأة المسلمة,,مجدي آل كحيل,47,متوفر,,,
841,,رجال ونساء مباشرات بالجنة,,سعد ابو عزيز,47,متوفر,,,
842,,العقيدة الطحاوية,,ابي العز الحنفي,47,متوفر,,,
843,,فتاوى,4,محمد احمد حسين,47,متوفر,,,
844,,اعلام الحضارة الاسلامية,,مصطفى فتحي,47,متوفر,,,
845,,المعجم المفهرس,,محمد عبد الباقي,47,متوفر,,,
846,,المعجم المفهرس,,محمد عبد الباقي,47,متوفر,,,
847,,قصص لانبياء,,بن كثير,48,متوفر,,,
848,,الطب النبوي,,ابن القيم الجوزية,48,متوفر,,,
849,,الطب النبوي,,ابن القيم الجوزية,48,متوفر,,,
850,,الدروس التربوية المستنبطة من القران الكريم,,الكبيسي,48,متوفر,,,
851,,حادي الارواح الى بلاد الافراح,,ابن القيم الجوزية,48,متوفر,,,
852,,اداب الحياة الزوجية في الاسلام,,سعد يوسف,48,متوفر,,,
853,,القدس امتحان البقاء والهوية,,احمد اللوزي,48,متوفر,,,
854,,الكبائر,,الامام الذهبي,48,متوفر,,,
855,,رجال حول الرسول,,خالد محمد خالد,48,متوفر,,,
856,,الانس الجليل بتاريخ القدس والخليل,1,محي الدين الحنبلي,48,متوفر,,,
857,,الانس الجليل بتاريخ القدس والخليل,2,محي الدين الحنبلي,48,متوفر,,,
858,,الواضح في احكام التجويد,,محمد مفلح,48,متوفر,,,
859,,الملائكة,,احمد حسن الشيخ,48,متوفر,,,
860,,وصايا الرسول للاطفال,,حامد الطاهر,48,متوفر,,,
861,,سؤال النساء يوم القيامة,,عكاشة عبد المنان,48,متوفر,,,
862,,قصص القران للاطفال,,ياسر سلامة,48,متوفر,,,
863,,رجال في حياة الرسول,,محمود بن الجمل,48,متوفر,,,
864,,الاربعون المبشرون في النار,,محمد الصايم,48,متوفر,,,
865,,رجال حول الرسول,,زيد خضر,49,متوفر,,,
866,,دليل المسلم من الفقه الاسلامي,,ابراهيم صنوبر,49,متوفر,,,
867,,القبر عذابه ونعيمه,,حسين العوايشة,49,متوفر,,,
868,,علامات يوم القيامة,,ابن كثير الدمشقي,49,متوفر,,,
869,,تربويات اسلامية,,سعدات جبر,49,متوفر,,,
870,,مصحف المسجد الاقصى,,,49,متوفر,,,
871,,حمزة بن عبد المطلب,1,رسمي علي عابد,49,متوفر,,,
872,,زيد بن حارثة,,رسمي علي عابد,49,متوفر,,,
873,,بلال بن رباح,,رسمي علي عابد,49,متوفر,,,
874,,عمار بن ياسر,,رسمي علي عابد,49,متوفر,,,
875,,عبد الله بن الزبير,,رسمي علي عابد,49,متوفر,,,
876,,عبد الله بن مسعود,,رسمي علي عابد,49,متوفر,,,
877,,سعد بن عبادة,,رسمي علي عابد,49,متوفر,,,
878,,سعد بن معاذ,,رسمي علي عابد,49,متوفر,,,
879,,حذيفة بن اليمان,,رسمي علي عابد,49,متوفر,,,
880,,ابو موسى الاشعري,,رسمي علي عابد,49,متوفر,,,
881,,قتيبة بن مسلم,,رسمي علي عابد,49,متوفر,,,
882,,عقبة بن نافع,,رسمي علي عابد,49,متوفر,,,
883,,موسى بن نصير,,رسمي علي عابد,50,متوفر,,,
884,,ابو جعفر المنصور,,رسمي علي عابد,50,متوفر,,,
885,,الحجاج ابن يوسف الثقافي,,رسمي علي عابد,50,متوفر,,,
886,,عبد الملك بن مروان,,رسمي علي عابد,50,متوفر,,,
887,,عمر المختار,,رسمي علي عابد,50,متوفر,,,
888,,احمد عرابي,,رسمي علي عابد,50,متوفر,,,
889,,عز الدين القسام,,رسمي علي عابد,50,متوفر,,,
890,,ابو الطيب المتنبي,,رسمي علي عابد,50,متوفر,,,
891,,ابو العلاء المعري,,رسمي علي عابد,50,متوفر,,,
892,,محمد اقبال,,رسمي علي عابد,50,متوفر,,,
893,,احمد شوقي,,رسمي علي عابد,50,متوفر,,,
894,,البحتري,,رسمي علي عابد,50,متوفر,,,
895,,ابو فراس الحمداني,,رسمي علي عابد,50,متوفر,,,
896,,محمود سامي البارودي,,رسمي علي عابد,50,متوفر,,,
897,,خليل مطران,,رسمي علي عابد,50,متوفر,,,
898,,دبدر شاكر الشياب,,رسمي علي عابد,50,متوفر,,,
899,,قف تفكر اعتبر,,عبد الله سلامة,50,متوفر,,,
900,,الموجز في الاقيسة والموازين,,الاء عبد الحميد,50,متوفر,,,
901,,الاولياء والمزارات الاسلامية في فلسطين,,توفيق كنعان,51,متوفر,,,
902,,الكبائر,,شمس الدين الذهبي,51,متوفر,,,
903,,النشاط التلقائي والتعلم الاخلاقي,,هيلين فيشر,51,متوفر,,,
904,,التقرير الى اباء التلاميذ,,روث سترينج,51,متوفر,,,
905,,كيف نفهم سلوك الاطفال,,جرترود دريسكول,51,متوفر,,,
906,,تقدم التلميذ في المدرسة الابتدائية,,ويلارد الزبري,51,متوفر,,,
907,,ناظر المدرسة الثانوية ومدرسوها,,بول ميتشام,51,متوفر,,,
908,,تعليم المعوقين بصريا,,انتوني بيلون,51,متوفر,,,
909,,ناظر المدرسة برنامج التوجيه,,روث فيدر,51,متوفر,,,
910,,تكوين مدركات الاطفال العلمية,,ماري شكلز,51,متوفر,,,
911,,موسوعة الديناصورات,,ربيع ديريكي,51,متوفر,,,
912,,موسوعة الحيوانات,,ربيع ديريكي,51,متوفر,,,
913,,ناطحات السحاب,,ربيع ديريكي,51,متوفر,,,
914,,العاب الملاهي,,ربيع ديريكي,51,متوفر,,,
915,,الانفاق,,ربيع ديريكي,51,متوفر,,,
916,,الجسور,,ربيع ديريكي,51,متوفر,,,
917,,المركبات الفضائية,,ربيع ديريكي,51,متوفر,,,
918,,القطارات والطائرات والسفن,,ربيع ديريكي,51,متوفر,,,
919,,القوى,,ربيع ديريكي,52,متوفر,,,
920,,الكائنات الحية,,ربيع ديريكي,52,متوفر,,,
921,,المواد,,ربيع ديريكي,52,متوفر,,,
922,,الاقاليم البيئية للاحياء,,ربيع ديريكي,52,متوفر,,,
923,,الضوء والصوت,,ربيع ديريكي,52,متوفر,,,
924,,ارقام مذهلة في الفضاء,,ربيع ديريكي,52,متوفر,,,
925,,تجارب علمية مذهلة,,ربيع ديريكي,52,متوفر,,,
926,,النباتات,,ربيع ديريكي,52,متوفر,,,
927,,المركبة الفضائية,,ربيع ديريكي,52,متوفر,,,
928,,الفضاء,,ربيع ديريكي,52,متوفر,,,
929,,الغابات المطرية,,ربيع ديريكي,52,متوفر,,,
930,,كوكب الارض,,ربيع ديريكي,52,متوفر,,,
931,,ارقام مذهلة في عالم النباتات,,ربيع ديريكي,52,متوفر,,,
932,,عالم الحيوان,,ربيع ديريكي,52,متوفر,,,
933,,جسم الانسان,,ربيع ديريكي,52,متوفر,,,
934,,الكون,,ربيع ديريكي,52,متوفر,,,
935,,حيوانات الغابة,,ربيع ديريكي,52,متوفر,,,
936,,حقائق علمية مدهشة,,ربيع ديريكي,52,متوفر,,,
937,,مغامرات العلوم,,ربيع ديريكي,53,متوفر,,,
938,,مغامرات الرياضيات,,ربيع ديريكي,53,متوفر,,,
939,,هاري بوتر والطفل الملعون,ج1,ج. ك. رولينج,53,متوفر,,,
940,,هاري بوتر وحجرة الاسرار,ج2,ج. ك. رولينج,53,متوفر,,,
941,,هاري بوتر وسجين ازكىبان,ج3,ج. ك. رولينج,53,متوفر,,,
942,,هاري بوتر وكأس النار,ج4,ج. ك. رولينج,53,متوفر,,,
943,,هاري بوتر وجماعة العنقاء,ج5,ج. ك. رولينج,53,متوفر,,,
944,,هاري بوتر والامير الهجين,ج6,ج. ك. رولينج,53,متوفر,,,
945,,هاري بوتر وقدسات الموت,ج7,ج. ك. رولينج,53,متوفر,,,
946,,ارض البرتقال الحزين,,غسان كنفاني,53,متوفر,,,
947,,العاشق,,غسان كنفاني,53,متوفر,,,
948,,موت سرير رقم 12,,غسان كنفاني,53,متوفر,,,
949,,رجال في الشمس,,غسان كنفاني,53,متوفر,,,
950,,عائد الى حيفا,,غسان كنفاني,53,متوفر,,,
951,,ام سعد,,غسان كنفاني,53,متوفر,,,
952,,فن واسرار اتخاذ القرار,,ابراهيم الفقي,53,متوفر,,,
953,,ام سعد,,غسان كنفاني,53,متوفر,,,
954,,سحر القيادة,,ابراهيم الفقي,53,متوفر,,,
955,,العمل الجماعي,,ابراهيم الفقي,54,متوفر,,,
956,,صفحات كانت مطوية,,غسان كنفاني,54,متوفر,,,
957,,Naruto,ج1,ماشي كيشموتو,54,متوفر,,,
958,,Naruto,ج2,ماشي كيشموتو,54,متوفر,,,
959,,Naruto,ج3,ماشي كيشموتو,54,متوفر,,,
960,,Naruto,ج4,ماشي كيشموتو,54,متوفر,,,
961,,Naruto,ج5,ماشي كيشموتو,54,متوفر,,,
962,,Naruto,ج6,ماشي كيشموتو,54,متوفر,,,
963,,Naruto,ج7,ماشي كيشموتو,54,متوفر,,,
964,,Naruto,ج8,ماشي كيشموتو,54,متوفر,,,
965,,Naruto,ج9,ماشي كيشموتو,54,متوفر,,,
966,,Naruto,ج10,ماشي كيشموتو,54,متوفر,,,
967,,مجموعة غسان كنفاني,5,,55,متوفر,,,
968,,مجموعة ابراهيم الفقي,5,,54,متوفر,,,
969,,اسرار عقل المليونير,1,,54,متوفر,,,
970,,فن اللامبالاة,1,,55,متوفر,,,
971,,قوة العادات,1,,55,متوفر,,,
972,,قوة عقلك الباطن,1,,55,متوفر,,,
973,,رسائل الفران,1,,54,متوفر,,,
974,,التنويم,1,,54,متوفر,,,
975,,نظرية الفستق,1,,55,متوفر,,,
976,,لكنود,1,,55,متوفر,,,
977,,مدرسة محمد,1,,55,متوفر,,,
978,,الاب الغني,1,,55,متوفر,,,
979,,سلمتك قلبي,1,,55,متوفر,,,
980,,اركان الايمان,1,,55,متوفر,,,
